<?xml version="1.0" encoding="utf-8"?>
<!DOCTYPE hibernate-mapping PUBLIC "-//Hibernate/Hibernate Mapping DTD 3.0//EN"
"http://hibernate.sourceforge.net/hibernate-mapping-3.0.dtd">
<!-- 
	Mapping file autogenerated by MyEclipse Persistence Tools
-->
<hibernate-mapping>
	<class name="com.wootion.cmmb.persistenc.po.bean.activityhistory" table="activityhistory">
		<id name="aid" type="java.lang.String">
			<column name="aid" length="32"/>
			<generator class="uuid.hex" />
		</id>
		<property name="atime" type="java.lang.String">
			<column name="atime" length="50"/>
		</property>
		<property name="aname" type="java.lang.String">
			<column name="aname" length="32"/>
		</property>
		<property name="apeoplenum" type="java.lang.String">
			<column name="apeoplenum" length="32"/>
		</property>
		<property name="stime" type="java.lang.String">
			<column name="stime"  length="50"/>
		</property>
		<property name="aplace" type="java.lang.String">
			<column name="aplace" length="32" />
		</property>
		<property name="ainfo" type="java.lang.String">
			<column name="ainfo" length="80" />
		</property>
		<property name="abelongpro" type="java.lang.String">
			<column name="abelongpro" length="80" />
		</property>
		<property name="anumber" type="java.lang.String">
			<column name="anumber" length="80" />
		</property>
	</class>
</hibernate-mapping>
