<?xml version="1.0" encoding="utf-8"?>
<!DOCTYPE hibernate-mapping PUBLIC "-//Hibernate/Hibernate Mapping DTD 3.0//EN"
"http://hibernate.sourceforge.net/hibernate-mapping-3.0.dtd">
<!-- 
	Mapping file autogenerated by MyEclipse Persistence Tools
-->
<hibernate-mapping>
	<class name="com.wootion.cmmb.persistenc.po.bean.bathrecordinfo" table="bathrecordinfo">
		<id name="cid" type="java.lang.String">
			<column name="cid" length="32"/>
			<generator class="uuid.hex" />
		</id>
		<property name="cdate" type="java.lang.String">
			<column name="cdate" length="50"/>
		</property>
		<property name="cnumber" type="java.lang.String">
			<column name="cnumber" length="32"/>
		</property>
		<property name="cname" type="java.lang.String">
			<column name="cname" length="32"/>
		</property>
		<property name="clevel" type="java.lang.String">
			<column name="clevel"  length="50"/>
		</property>
		<property name="cstarttime" type="java.lang.String">
			<column name="cstarttime" length="32" />
		</property>
		<property name="cendtime" type="java.lang.String">
			<column name="cendtime" length="80" />
		</property>
		<property name="cpeople" type="java.lang.String">
			<column name="cpeople" length="80" />
		</property>
		<property name="cinfo" type="java.lang.String">
			<column name="cinfo" length="80" />
		</property>
		<property name="cbelongpro" type="java.lang.String">
			<column name="cbelongpro" length="80" />
		</property>
	</class>
</hibernate-mapping>
