<?xml version="1.0" encoding="utf-8"?>
<!DOCTYPE hibernate-mapping PUBLIC "-//Hibernate/Hibernate Mapping DTD 3.0//EN"
"http://hibernate.sourceforge.net/hibernate-mapping-3.0.dtd">
<!-- 
	Mapping file autogenerated by MyEclipse Persistence Tools
-->
<hibernate-mapping>
	<class name="com.wootion.cmmb.persistenc.po.bean.Bloodpressureinfo" table="Bloodpressureinfo">
		<id name="bid" type="java.lang.String">
			<column name="bid" length="32"/>
			<generator class="uuid.hex" />
		</id>
		<property name="bdate" type="java.lang.String">
			<column name="bdate" length="50"/>
		</property>
		<property name="bnumber" type="java.lang.String">
			<column name="bnumber" length="32"/>
		</property>
		<property name="bname" type="java.lang.String">
			<column name="bname" length="32"/>
		</property>
		<property name="bgender" type="java.lang.String">
			<column name="bgender" length="32"/>
		</property>
		<property name="bage" type="java.lang.String">
			<column name="bage"  length="50"/>
		</property>
		<property name="bphone" type="java.lang.String">
			<column name="bphone" length="32" />
		</property>
		<property name="bstarttime" type="java.lang.String">
			<column name="bstarttime" length="80" />
		</property>
		<property name="bdiseases" type="java.lang.String">
			<column name="bdiseases" length="80" />
		</property>
		<property name="bfilenumber" type="java.lang.String">
			<column name="bfilenumber" length="80" />
		</property>
		<property name="bbelongpro" type="java.lang.String">
			<column name="bbelongpro" length="80" />
		</property>
		<property name="binfo" type="java.lang.String">
			<column name="binfo" length="80" />
		</property>
		<property name="bwritedate" type="java.lang.String">
			<column name="bwritedate" length="80" />
		</property>
		<property name="bloodnum" type="java.lang.String">
			<column name="bloodnum" length="80" />
		</property>
		<property name="bpulse" type="java.lang.String">
			<column name="bpulse" length="80" />
		</property>
		
	</class>
</hibernate-mapping>
