<?xml version="1.0" encoding="utf-8"?>
<!DOCTYPE hibernate-mapping PUBLIC "-//Hibernate/Hibernate Mapping DTD 3.0//EN"
"http://hibernate.sourceforge.net/hibernate-mapping-3.0.dtd">
<!-- 
	Mapping file autogenerated by MyEclipse Persistence Tools
-->
<hibernate-mapping>
	<class name="com.wootion.cmmb.persistenc.po.bean.Helpcleanhistory" table="helpcleanhistory">
		<id name="hid" type="java.lang.String">
			<column name="hid" length="32"/>
			<generator class="uuid.hex" />
		</id>
		<property name="hdate" type="java.lang.String">
			<column name="hdate" length="50"/>
		</property>
		<property name="hnumber" type="java.lang.String">
			<column name="hnumber" length="32"/>
		</property>
		<property name="hname" type="java.lang.String">
			<column name="hname" length="32"/>
		</property>
		<property name="hclothingnum" type="java.lang.String">
			<column name="hclothingnum"  length="50"/>
		</property>
		<property name="hrequirement" type="java.lang.String">
			<column name="hrequirement" length="32" />
		</property>
		<property name="hpeople" type="java.lang.String">
			<column name="hpeople" length="80" />
		</property>
		<property name="hinfo" type="java.lang.String">
			<column name="hinfo" length="80" />
		</property>
		<property name="hbelongpro" type="java.lang.String">
			<column name="hbelongpro" length="80" />
		</property>
	</class>
</hibernate-mapping>
