<?xml version="1.0" encoding="utf-8"?>
<!DOCTYPE hibernate-mapping PUBLIC "-//Hibernate/Hibernate Mapping DTD 3.0//EN"
"http://hibernate.sourceforge.net/hibernate-mapping-3.0.dtd">
<!-- 
	Mapping file autogenerated by MyEclipse Persistence Tools
-->
<hibernate-mapping>
	<class name="com.wootion.cmmb.persistenc.po.bean.Instrumenthistory" table="Instrumenthistory">
		<id name="mentid" type="java.lang.String">
			<column name="mentid" length="32"/>
			<generator class="uuid.hex" />
		</id>
		<property name="mdate" type="java.lang.String">
			<column name="mdate" length="50"/>
		</property>
		<property name="mnumber" type="java.lang.String">
			<column name="mnumber" length="32"/>
		</property>
		<property name="mname" type="java.lang.String">
			<column name="mname" length="32"/>
		</property>
		<property name="mchair" type="java.lang.String">
			<column name="mchair"  length="50"/>
		</property>
		<property name="mjoint" type="java.lang.String">
			<column name="mjoint" length="32" />
		</property>
		<property name="mbelt" type="java.lang.String">
			<column name="mbelt" length="80" />
		</property>
		<property name="mdumbbell" type="java.lang.String">
			<column name="mdumbbell" length="80" />
		</property>
		<property name="mrecorder" type="java.lang.String">
			<column name="mrecorder" length="80" />
		</property>
		<property name="msupervisor" type="java.lang.String">
			<column name="msupervisor" length="80" />
		</property>
		<property name="mtotaltime" type="java.lang.String">
			<column name="mtotaltime" length="80" />
		</property>
		<property name="mchairchoo" type="java.lang.String">
			<column name="mchairchoo" length="80" />
		</property>
		<property name="mjointchoo" type="java.lang.String">
			<column name="mjointchoo" length="80" />
		</property>
		<property name="mbeltchoo" type="java.lang.String">
			<column name="mbeltchoo" length="80" />
		</property>
		<property name="mdumbbellchoo" type="java.lang.String">
			<column name="mdumbbellchoo" length="80" />
		</property>
		<property name="mbelongpro" type="java.lang.String">
			<column name="mbelongpro" length="80" />
		</property>
		
	</class>
</hibernate-mapping>
