<?xml version="1.0" encoding="utf-8"?>
<!DOCTYPE hibernate-mapping PUBLIC "-//Hibernate/Hibernate Mapping DTD 3.0//EN"
"http://hibernate.sourceforge.net/hibernate-mapping-3.0.dtd">
<!-- 
	Mapping file autogenerated by MyEclipse Persistence Tools
-->
<hibernate-mapping>
	<class name="com.wootion.cmmb.persistenc.po.bean.Managementhistory" table="Managementhistory">
		<id name="mid" type="java.lang.String">
			<column name="mid" length="32"/>
			<generator class="uuid.hex" />
		</id>
		<property name="mmodifytime" type="java.lang.String">
			<column name="mmodifytime" length="50"/>
		</property>
		<property name="mstarttime" type="java.lang.String">
			<column name="mstarttime" length="50"/>
		</property>
		<property name="mendtime" type="java.lang.String">
			<column name="mendtime" length="32"/>
		</property>
		<property name="mnumber" type="java.lang.String">
			<column name="mnumber" length="32"/>
		</property>
		<property name="mplace" type="java.lang.String">
			<column name="mplace"  length="50"/>
		</property>
		<property name="morganizer" type="java.lang.String">
			<column name="morganizer"  length="50"/>
		</property>
		<property name="mserialnum" type="java.lang.String">
			<column name="mserialnum" length="32" />
		</property>
		<property name="mbelongpro" type="java.lang.String">
			<column name="mbelongpro" length="80" />
		</property>
		<property name="minfo" type="java.lang.String">
			<column name="minfo" length="80" />
		</property>
		<property name="mimageurl" type="java.lang.String">
			<column name="mimageurl" length="800" />
		</property>
	</class>
</hibernate-mapping>
