<?xml version="1.0" encoding="utf-8"?>
<!DOCTYPE hibernate-mapping PUBLIC "-//Hibernate/Hibernate Mapping DTD 3.0//EN"
"http://hibernate.sourceforge.net/hibernate-mapping-3.0.dtd">
<!-- 
	Mapping file autogenerated by MyEclipse Persistence Tools
-->
<hibernate-mapping>
	<class name="com.wootion.cmmb.persistenc.po.bean.Othercareservicesinfo" table="othercareservicesinfo">
		<id name="oid" type="java.lang.String">
			<column name="oid" length="32"/>
			<generator class="uuid.hex" />
		</id>
		<property name="onumber" type="java.lang.String">
			<column name="onumber" length="50"/>
		</property>
		<property name="odate" type="java.lang.String">
			<column name="odate" length="32"/>
		</property>
		<property name="oname" type="java.lang.String">
			<column name="oname" length="32"/>
		</property>
		<property name="ocontent" type="java.lang.String">
			<column name="ocontent"  length="50"/>
		</property>
		<property name="ostarttime" type="java.lang.String">
			<column name="ostarttime" length="32" />
		</property>
		<property name="oendtime" type="java.lang.String">
			<column name="oendtime" length="80" />
		</property>
		<property name="opeople" type="java.lang.String">
			<column name="opeople" length="80" />
		</property>
		<property name="oevaluation" type="java.lang.String">
			<column name="oevaluation" length="80" />
		</property>
		<property name="oinfo" type="java.lang.String">
			<column name="oinfo" length="80" />
		</property>
		<property name="obelongpro" type="java.lang.String">
			<column name="obelongpro" length="80" />
		</property>
	</class>
</hibernate-mapping>
