<?xml version="1.0" encoding="utf-8"?>
<!DOCTYPE hibernate-mapping PUBLIC "-//Hibernate/Hibernate Mapping DTD 3.0//EN"
"http://hibernate.sourceforge.net/hibernate-mapping-3.0.dtd">
<!-- 
	Mapping file autogenerated by MyEclipse Persistence Tools
-->
<hibernate-mapping>
	<class name="com.wootion.cmmb.persistenc.po.bean.psychologyinfo" table="psychology">
		<id name="pid" type="java.lang.String">
			<column name="pid" length="32"/>
			<generator class="uuid.hex" />
		</id>
		<property name="pdate" type="java.lang.String">
			<column name="pdate" length="50"/>
		</property>
		<property name="pstarttime" type="java.lang.String">
			<column name="pstarttime" length="32"/>
		</property>
		<property name="pendtime" type="java.lang.String">
			<column name="pendtime" length="32"/>
		</property>
		<property name="pattend" type="java.lang.String">
			<column name="pattend"  length="50"/>
		</property>
		<property name="pinfo" type="java.lang.String">
			<column name="pinfo" length="100" />
		</property>
		<property name="pwrite" type="java.lang.String">
			<column name="pwrite" length="50" />
		</property>
		<property name="pbelongpro" type="java.lang.String">
			<column name="pbelongpro" length="50" />
		</property>
		<property name="pnumber" type="java.lang.String">
			<column name="pnumber" length="50" />
		</property>
	</class>
</hibernate-mapping>
