<?xml version="1.0" encoding="utf-8"?>
<!DOCTYPE hibernate-mapping PUBLIC "-//Hibernate/Hibernate Mapping DTD 3.0//EN"
"http://hibernate.sourceforge.net/hibernate-mapping-3.0.dtd">
<!-- 
    Mapping file autogenerated by MyEclipse Persistence Tools
-->
<hibernate-mapping>
    <class name="com.wootion.cmmb.persistenc.po.bean.recoveryEval42" table="recoveryEval42" >
        <id name="recoveryid" type="java.lang.String">
            <column name="recoveryid" length="32" />
            <generator class="uuid.hex" />
        </id>
        <property name="recoverynumber" type="java.lang.String">
            <column name="recoverynumber" length="50" not-null="true" />
        </property>
        <property name="assesdep" type="java.lang.String">
            <column name="assesdep" length="50" not-null="true" />
        </property>
        <property name="memname" type="java.lang.String">
            <column name="memname" length="20" not-null="true"/>
        </property>
        <property name="applyreason" type="java.lang.String">
            <column name="applyreason" length="20" not-null="true"/>
        </property>
        
        <property name="assesman" type="java.lang.String">
            <column name="assesman" length="25"  not-null="true"/>
        </property>
        <property name="assesdate" type="java.lang.String">
            <column name="assesdate" length="30" not-null="true" />
        </property>
        
        <property name="belongproid" type="java.lang.String">
            <column name="belongproid" length="30" not-null="true" />
        </property>
        
        <property name="belongproname" type="java.lang.String">
            <column name="belongproname" length="30" not-null="true" />
        </property>
        
        <property name="a1" type="java.lang.String">
            <column name="a1" length="32" />
        </property>
        <property name="a2" type="java.lang.String">
            <column name="a2" length="32" />
        </property>
         <property name="a3" type="java.lang.String">
            <column name="a3" length="32" />
        </property>
        
         <property name="a4" type="java.lang.String">
            <column name="a4" length="32"  />
        </property>
        
        <property name="a5" type="java.lang.String">
            <column name="a5" length="20" />
        </property>
        
        <property name="a6" type="java.lang.String">
            <column name="a6" length="32"  />
        </property>
        
        <property name="a7" type="java.lang.String">
            <column name="a7" length="32" />
        </property>
        
        <property name="a8" type="java.lang.String">
            <column name="a8" length="20"  />
        </property>
        
        <property name="a9" type="java.lang.String">
            <column name="a9" length="20"  />
        </property>
        
        <property name="a10" type="java.lang.String">
            <column name="a10" length="20" />
        </property>
        
        <property name="a11" type="java.lang.String">
            <column name="a11" length="32" />
        </property>
        
        <property name="a12" type="java.lang.String">
            <column name="a12" length="32" />
        </property>
        
        <property name="a13" type="java.lang.String">
            <column name="a13" length="20" />
        </property>
        
        <property name="a14" type="java.lang.String">
            <column name="a14" length="32"  />
        </property>
        
        <property name="a15" type="java.lang.String">
            <column name="a15" length="32" />
        </property>
        
        <property name="a16" type="java.lang.String">
            <column name="a16" length="32" />
        </property>
        
        <property name="a17" type="java.lang.String">
            <column name="a17" length="320"  />
        </property>
        
        <property name="a18" type="java.lang.String">
            <column name="a18" length="32" />
        </property>
        
        <property name="a19" type="java.lang.String">
            <column name="a19" length="32" />
        </property>
        
        <property name="a20" type="java.lang.String">
            <column name="a20" length="32"  />
        </property>
        <property name="a21" type="java.lang.String">
            <column name="a21" length="32"  />
        </property>
        <property name="a22" type="java.lang.String">
            <column name="a22" length="232" />
        </property>
        <property name="a23" type="java.lang.String">
            <column name="a23" length="200" />
        </property>
        <property name="a24" type="java.lang.String">
            <column name="a24" length="132" />
        </property>
        <property name="a25" type="java.lang.String">
            <column name="a25" length="32" />
        </property>
        <property name="a26" type="java.lang.String">
            <column name="a26" length="32" />
        </property>
        <property name="a27" type="java.lang.String">
            <column name="a27" length="32"  />
        </property>
        <property name="a28" type="java.lang.String">
            <column name="a28" length="20"  />
        </property>
        <property name="a29" type="java.lang.String">
            <column name="a29" length="20"  />
        </property>
        <property name="a30" type="java.lang.String">
            <column name="a30" length="20"  />
        </property>
        <property name="a31" type="java.lang.String">
            <column name="a31" length="50" />
        </property>
        <property name="a32" type="java.lang.String">
            <column name="a32" length="32"  />
        </property>
        <property name="a33" type="java.lang.String">
            <column name="a33" length="32"  />
        </property>
        <property name="a34" type="java.lang.String">
            <column name="a34" length="32"  />
        </property>
        <property name="a35" type="java.lang.String">
            <column name="a35" length="32"  />
        </property>
        <property name="a36" type="java.lang.String">
            <column name="a36" length="32" />
        </property>
        <property name="a37" type="java.lang.String">
            <column name="a37" length="20" />
        </property>
        <property name="a38" type="java.lang.String">
            <column name="a38" length="20"  />
        </property>
        <property name="a39" type="java.lang.String">
            <column name="a39" length="20"  />
        </property>
        <property name="a40" type="java.lang.String">
            <column name="a40" length="32"  />
        </property>
        <property name="a41" type="java.lang.String">
            <column name="a41" length="32" />
        </property>
        <property name="a42" type="java.lang.String">
            <column name="a42" length="200" />
        </property>
        <property name="a43" type="java.lang.String">
            <column name="a43" length="32"  />
        </property>
        <property name="a44" type="java.lang.String">
            <column name="a44" length="32" />
        </property>
        <property name="a45" type="java.lang.String">
            <column name="a45" length="32" />
        </property>
        <property name="a46" type="java.lang.String">
            <column name="a46" length="32" />
        </property>
        <property name="a47" type="java.lang.String">
            <column name="a47" length="32"  />
        </property>
        <property name="a48" type="java.lang.String">
            <column name="a48" length="32"  />
        </property>
        <property name="a49" type="java.lang.String">
            <column name="a49" length="32" />
        </property>
        <property name="a50" type="java.lang.String">
            <column name="a50" length="32"  />
        </property>
        <property name="a51" type="java.lang.String">
            <column name="a51" length="32"  />
        </property>
        <property name="a52" type="java.lang.String">
            <column name="a52" length="32" />
        </property>
        <property name="a53" type="java.lang.String">
            <column name="a53" length="32" />
        </property>
        <property name="a54" type="java.lang.String">
            <column name="a54" length="32"  />
        </property>
        
        <property name="a55" type="java.lang.String">
            <column name="a55" length="32" />
        </property>
        
        <property name="a56" type="java.lang.String">
            <column name="a56" length="32"  />
        </property>
        <property name="a57" type="java.lang.String">
            <column name="a57" length="232" />
        </property>
        
        <property name="a58" type="java.lang.String">
            <column name="a58" length="120"  />
        </property>
        
        <property name="a59" type="java.lang.String">
            <column name="a59" length="32" />
        </property>
        
        <property name="a60" type="java.lang.String">
            <column name="a60" length="32"  />
        </property>
        
         <property name="a61" type="java.lang.String">
            <column name="a61" length="32"  />
        </property>
        
         <property name="a62" type="java.lang.String">
            <column name="a62" length="132"  />
        </property>
        
        <property name="a63" type="java.lang.String">
            <column name="a63" length="32" />
        </property>
        
        <property name="a64" type="java.lang.String">
            <column name="a64" length="20"  />
        </property>
        
        <property name="a65" type="java.lang.String">
            <column name="a65" length="32"  />
        </property>
        
        <property name="a66" type="java.lang.String">
            <column name="a66" length="32"  />
        </property>
        
        <property name="a67" type="java.lang.String">
            <column name="a67" length="32"  />
        </property>
        
        <property name="a68" type="java.lang.String">
            <column name="a68" length="32" />
        </property>
        
        <property name="a69" type="java.lang.String">
            <column name="a69" length="32" />
        </property>
        
        <property name="a70" type="java.lang.String">
            <column name="a70" length="32"  />
        </property>
        
        <property name="a71" type="java.lang.String">
            <column name="a71" length="32" />
        </property>
        
        <property name="a72" type="java.lang.String">
            <column name="a72" length="32"  />
        </property>
        
        <property name="a73" type="java.lang.String">
            <column name="a73" length="32" />
        </property>
        
        <property name="a74" type="java.lang.String">
            <column name="a74" length="32" />
        </property>
        
        <property name="a75" type="java.lang.String">
            <column name="a75" length="200"  />
        </property>
        
        <property name="a76" type="java.lang.String">
            <column name="a76" length="32" />
        </property>
        
        <property name="a77" type="java.lang.String">
            <column name="a77" length="32" />
        </property>
        
        <property name="a78" type="java.lang.String">
            <column name="a78" length="32" />
        </property>
        
        <property name="a79" type="java.lang.String">
            <column name="a79" length="32"  />
        </property>
        
        <property name="a80" type="java.lang.String">
            <column name="a80" length="32" />
        </property>
        
        <property name="a81" type="java.lang.String">
            <column name="a81" length="32"  />
        </property>
        
         <property name="a82" type="java.lang.String">
            <column name="a82" length="32" />
        </property>
        
         <property name="a83" type="java.lang.String">
            <column name="a83" length="32"  />
        </property>
        
         <property name="a84" type="java.lang.String">
            <column name="a84" length="32" />
        </property>
        
         <property name="a85" type="java.lang.String">
            <column name="a85" length="32"  />
        </property>
        
         <property name="a86" type="java.lang.String">
            <column name="a86" length="32" />
        </property>
        
         <property name="a87" type="java.lang.String">
            <column name="a87" length="32"  />
        </property>
        
         <property name="a88" type="java.lang.String">
            <column name="a88" length="32" />
        </property>
        
         <property name="a89" type="java.lang.String">
            <column name="a89" length="32" />
        </property>
        
         <property name="a90" type="java.lang.String">
            <column name="a90" length="32" />
        </property>
        
         <property name="a91" type="java.lang.String">
            <column name="a91" length="32" />
        </property>
        
         <property name="a92" type="java.lang.String">
            <column name="a92" length="320" />
        </property>
        
         <property name="a93" type="java.lang.String">
            <column name="a93" length="32" />
        </property>
          <property name="a94" type="java.lang.String">
            <column name="a94" length="32" />
        </property>
         
		<property name="a95" type="java.lang.String">
            <column name="a95" length="32" />
        </property>
        <property name="a96" type="java.lang.String">
            <column name="a96" length="32" />
        </property>
        <property name="a97" type="java.lang.String">
            <column name="a97" length="32" />
        </property>
        <property name="a98" type="java.lang.String">
            <column name="a98" length="320" />
        </property>
        <property name="a99" type="java.lang.String">
            <column name="a99" length="32" />
        </property>
        <property name="a100" type="java.lang.String">
            <column name="a100" length="32" />
        </property>
        <property name="a101" type="java.lang.String">
            <column name="a101" length="32" />
        </property>
        <property name="a102" type="java.lang.String">
            <column name="a102" length="32" />
        </property>
        <property name="a103" type="java.lang.String">
            <column name="a103" length="32" />
        </property>
        <property name="a104" type="java.lang.String">
            <column name="a104" length="32" />
        </property>
        <property name="a105" type="java.lang.String">
            <column name="a105" length="32" />
        </property>
        <property name="a106" type="java.lang.String">
            <column name="a106" length="32" />
        </property>
        <property name="a107" type="java.lang.String">
            <column name="a107" length="32" />
        </property>
        <property name="a108" type="java.lang.String">
            <column name="a108" length="32" />
        </property>
        
        <property name="a109" type="java.lang.String">
            <column name="a109" length="200"/>
        </property>
        <property name="a110" type="java.lang.String">
            <column name="a110" length="200"  />
        </property>
        <property name="a111" type="java.lang.String">
            <column name="a111" length="200"/>
        </property>
        <property name="a112" type="java.lang.String">
            <column name="a112" length="200" />
        </property>
        <property name="a113" type="java.lang.String">
            <column name="a113" length="32" />
        </property>
        <property name="a114" type="java.lang.String">
            <column name="a114" length="32" />
        </property>
        <property name="a115" type="java.lang.String">
            <column name="a115" length="32" />
        </property>
        <property name="a116" type="java.lang.String">
            <column name="a116" length="32" />
        </property>
        <property name="a117" type="java.lang.String">
            <column name="a117" length="32" />
        </property>
        <property name="a118" type="java.lang.String">
            <column name="a118" length="20" />
        </property>
        <property name="a119" type="java.lang.String">
            <column name="a119" length="20" />
        </property>
        <property name="a120" type="java.lang.String">
            <column name="a120" length="20" />
        </property>
        <property name="a121" type="java.lang.String">
            <column name="a121" length="32" />
        </property>
        <property name="a122" type="java.lang.String">
            <column name="a122" length="32" />
        </property>
        <property name="a123" type="java.lang.String">
            <column name="a123" length="200" />
        </property>
        <property name="a124" type="java.lang.String">
            <column name="a124" length="32" />
        </property>
        <property name="a125" type="java.lang.String">
            <column name="a125" length="32" />
        </property>
        <property name="a126" type="java.lang.String">
            <column name="a126" length="32"  />
        </property>
        <property name="a127" type="java.lang.String">
            <column name="a127" length="32" />
        </property>
        <property name="a128" type="java.lang.String">
            <column name="a128" length="32" />
        </property>
        <property name="a129" type="java.lang.String">
            <column name="a129" length="32" />
        </property>
        <property name="a130" type="java.lang.String">
            <column name="a130" length="32"/>
        </property>
        <property name="a131" type="java.lang.String">
            <column name="a131" length="32"  />
        </property>
        <property name="a132" type="java.lang.String">
            <column name="a132" length="32" />
        </property>
        <property name="a133" type="java.lang.String">
            <column name="a133" length="32"  />
        </property>
        <property name="a134" type="java.lang.String">
            <column name="a134" length="32"  />
        </property>
        <property name="a135" type="java.lang.String">
            <column name="a135" length="32"  />
        </property>
        
        <property name="a136" type="java.lang.String">
            <column name="a136" length="32" />
        </property>
        
        <property name="a137" type="java.lang.String">
            <column name="a137" length="32"  />
        </property>
        <property name="a138" type="java.lang.String">
            <column name="a138" length="32" />
        </property>
        
        <property name="de1" type="java.lang.String">
            <column name="de1" length="32" />
        </property>
        
        <property name="de2" type="java.lang.String">
            <column name="de2" length="32"  />
        </property>
        
        <property name="de3" type="java.lang.String">
            <column name="de3" length="32" />
        </property>
        
        <property name="de4" type="java.lang.String">
            <column name="de4" length="200" />
        </property>
        
        <property name="r2" type="java.lang.String">
            <column name="r2" length="50" />
        </property>
        
         <property name="r3" type="java.lang.String">
            <column name="r3" length="50" />
        </property>
    </class>
</hibernate-mapping>
