<?xml version="1.0" encoding="utf-8"?>
<!DOCTYPE hibernate-mapping PUBLIC "-//Hibernate/Hibernate Mapping DTD 3.0//EN"
"http://hibernate.sourceforge.net/hibernate-mapping-3.0.dtd">
<!-- 
	Mapping file autogenerated by MyEclipse Persistence Tools
-->
<hibernate-mapping>
	<class name="com.wootion.cmmb.persistenc.po.bean.sensoryhistory" table="sensoryhistory">
		<id name="sid" type="java.lang.String">
			<column name="sid" length="32"/>
			<generator class="uuid.hex" />
		</id>
		<property name="sdate" type="java.lang.String">
			<column name="sdate" length="50"/>
		</property>
		<property name="sstarttime" type="java.lang.String">
			<column name="sstarttime" length="32"/>
		</property>
		<property name="sendtime" type="java.lang.String">
			<column name="sendtime" length="32"/>
		</property>
		<property name="sattend" type="java.lang.String">
			<column name="sattend"  length="50"/>
		</property>
		<property name="sinfo" type="java.lang.String">
			<column name="sinfo" length="100" />
		</property>
		<property name="swrite" type="java.lang.String">
			<column name="swrite" length="50" />
		</property>
		<property name="sbelongpro" type="java.lang.String">
			<column name="sbelongpro" length="50" />
		</property>
		<property name="snumber" type="java.lang.String">
			<column name="snumber" length="50" />
		</property>
	</class>
</hibernate-mapping>
