<?xml version="1.0" encoding="utf-8"?>
<!DOCTYPE hibernate-mapping PUBLIC "-//Hibernate/Hibernate Mapping DTD 3.0//EN"
"http://hibernate.sourceforge.net/hibernate-mapping-3.0.dtd">
<!-- 
	Mapping file autogenerated by MyEclipse Persistence Tools
-->
<hibernate-mapping>
	<class name="com.wootion.cmmb.persistenc.po.bean.Serviceplaninfo" table="Serviceplaninfo">
		<id name="sid" type="java.lang.String">
			<column name="sid" length="32"/>
			<generator class="uuid.hex" />
		</id>
		<property name="snumber" type="java.lang.String">
			<column name="snumber" length="50"/>
		</property>
		<property name="sname" type="java.lang.String">
			<column name="sname" length="50"/>
		</property>
		<property name="sgender" type="java.lang.String">
			<column name="sgender" length="32"/>
		</property>
		<property name="sage" type="java.lang.String">
			<column name="sage" length="32"/>
		</property>
		<property name="sdate" type="java.lang.String">
			<column name="sdate" length="32"/>
		</property>
		<property name="sproject1" type="java.lang.String">
			<column name="sproject1"  length="50"/>
		</property>
		<property name="sproject2" type="java.lang.String">
			<column name="sproject2" length="32" />
		</property>
		<property name="sproject3" type="java.lang.String">
			<column name="sproject3" length="80" />
		</property>
		<property name="sproject4" type="java.lang.String">
			<column name="sproject4" length="80" />
		</property>
		<property name="sproject5" type="java.lang.String">
			<column name="sproject5" length="80" />
		</property>
		<property name="sproject6" type="java.lang.String">
			<column name="sproject6" length="80" />
		</property>
		<property name="sproject7" type="java.lang.String">
			<column name="sproject7" length="80" />
		</property>
		<property name="sproject8" type="java.lang.String">
			<column name="sproject8" length="80" />
		</property>
		<property name="sother" type="java.lang.String">
			<column name="sother" length="80" />
		</property>
		<property name="speople" type="java.lang.String">
			<column name="speople" length="80" />
		</property>
		<property name="status" type="java.lang.String">
			<column name="status" length="80" />
		</property>
		<property name="sbelongpro" type="java.lang.String">
			<column name="sbelongpro" length="80" />
		</property>
	</class>
</hibernate-mapping>
