<?xml version="1.0" encoding="utf-8"?>
<!DOCTYPE hibernate-mapping PUBLIC "-//Hibernate/Hibernate Mapping DTD 3.0//EN"
"http://hibernate.sourceforge.net/hibernate-mapping-3.0.dtd">
<!-- 
	Mapping file autogenerated by MyEclipse Persistence Tools
-->
<hibernate-mapping>
	<class name="com.wootion.cmmb.persistenc.po.bean.Volunteerinfo" table="Volunteerinfo">
		<id name="vid" type="java.lang.String">
			<column name="vid" length="32"/>
			<generator class="uuid.hex" />
		</id>
		<property name="vnumber" type="java.lang.String">
			<column name="vnumber" length="50"/>
		</property>
		<property name="vtime" type="java.lang.String">
			<column name="vtime" length="32"/>
		</property>
		<property name="vname" type="java.lang.String">
			<column name="vname" length="32"/>
		</property>
		<property name="vage" type="java.lang.String">
			<column name="vage"  length="50"/>
		</property>
		<property name="vgender" type="java.lang.String">
			<column name="vgender" length="32" />
		</property>
		<property name="vphone" type="java.lang.String">
			<column name="vphone" length="80" />
		</property>
		<property name="vspecialty" type="java.lang.String">
			<column name="vspecialty" length="300" />
		</property>
		<property name="vcommunitywork" type="java.lang.String">
			<column name="vcommunitywork" length="300" />
		</property>
		<property name="vstudy" type="java.lang.String">
			<column name="vstudy" length="80" />
		</property>
		<property name="vintention" type="java.lang.String">
			<column name="vintention" length="300" />
		</property>
		<property name="vtrain" type="java.lang.String">
			<column name="vtrain" length="300" />
		</property>
	</class>
</hibernate-mapping>
