<?xml version="1.0" encoding="utf-8"?>
<!DOCTYPE hibernate-mapping PUBLIC "-//Hibernate/Hibernate Mapping DTD 3.0//EN"
"http://hibernate.sourceforge.net/hibernate-mapping-3.0.dtd">
<!-- 
    Mapping file autogenerated by MyEclipse Persistence Tools
-->
<hibernate-mapping>
    <class name="com.wootion.idp.persistence.po.bean.Wtrole" table="wtrole" >
        <id name="wtroleId" type="java.lang.Long">
            <column name="wtrole_id" length="32" />
            <generator class="assigned" />
        </id>
        <property name="wtroleName" type="java.lang.String">
            <column name="wtrole_name" length="20" not-null="true" />
        </property>
        <property name="wtroleType" type="java.lang.String">
            <column name="wtrole_type" length="20" not-null="true" />
        </property>
        <property name="wtroleCreatetime" type="java.util.Date">
            <column name="wtrole_createtime" length="23" not-null="true" />
        </property>
        
         <property name="parentRole" type="java.lang.String">
            <column name="parentRole" length="20" />
        </property>
        
        <property name="wtroleDescription" type="java.lang.String">
            <column name="wtrole_description" length="200" />
        </property>
        <property name="wtroleIsuseable" type="java.lang.String">
            <column name="wtrole_isuseable" length="1" not-null="true" />
        </property>
        <set name="wtUserRoleRelationships" inverse="true" lazy="true" fetch="join" >
            <key>
                <column name="wtrole_id" length="32" not-null="true" />
            </key>
            <one-to-many class="com.wootion.idp.persistence.po.bean.WtUserRoleRelationship" />
        </set>
        <set name="wtrolefunrelationships" inverse="true" lazy="true" fetch="join" cascade="save-update">
            <key>
                <column name="wtrole_id" length="32" />
            </key>
            <one-to-many class="com.wootion.idp.persistence.po.bean.Wtrolefunrelationship" />
        </set>
        <set name="wtpermissions" inverse="true" lazy="true" fetch="join" cascade="save-update">
            <key>
                <column name="wtrole_id" length="32" />
            </key>
            <one-to-many class="com.wootion.idp.persistence.po.bean.Wtpermission" />
        </set>
        <property name="isDelete" type="java.lang.Integer">
			<column name="is_delete" />
		</property>
    </class>
</hibernate-mapping>
