<?xml version="1.0" encoding="utf-8"?>
<!DOCTYPE hibernate-mapping PUBLIC "-//Hibernate/Hibernate Mapping DTD 3.0//EN"
"http://hibernate.sourceforge.net/hibernate-mapping-3.0.dtd">
<!-- 
	Mapping file autogenerated by MyEclipse Persistence Tools
-->
<hibernate-mapping>
	<class name="com.wootion.idp.persistence.po.bean.Wtuser"
		table="wtuser">
		<id name="wtuserId" type="java.lang.Long">
			<column name="wtuser_id" length="32" />
			<generator class="assigned" />
		</id>
		
		<property name="wtuserLoginname" type="java.lang.String">
			<column name="wtuser_loginname" length="20" not-null="true" />
		</property>
		<property name="wtuserPassword" type="java.lang.String">
			<column name="wtuser_password" length="32" not-null="true" />
		</property>
		<property name="wtuserCreatetime" type="java.util.Date">
			<column name="wtuser_createtime" length="23"
				not-null="true" />
		</property>
		<property name="wtuserLogintime" type="java.util.Date">
			<column name="wtuser_logintime" length="23" />
		</property>
		<property name="wtuserLastlogintime" type="java.util.Date">
			<column name="wtuser_lastlogintime" length="23" />
		</property>
		<property name="wtuserLoginnumber" type="java.lang.Integer">
			<column name="wtuser_loginnumber" not-null="true" />
		</property>
		<property name="wtuserIsuseable" type="java.lang.String">
			<column name="wtuser_isuseable" length="1" not-null="true" />
		</property>
		
		<set name="wtUserRoleRelationships" inverse="true" fetch="join"
			lazy="true">
			<key>
				<column name="wtuser_id" length="32" not-null="true" />
			</key>
			<one-to-many
				class="com.wootion.idp.persistence.po.bean.WtUserRoleRelationship" />
		</set>


		
		<property name="isCheck" type="java.lang.Integer">
			<column name="isCheck" />
		</property>
		
		<property name="isDelete" type="java.lang.Integer">
			<column name="is_delete" />
		</property>
		
		<property name="corpName" type="java.lang.String">
			<column name="corp_name" length="200" />
		</property>
		<property name="corpAdd" type="java.lang.String">
			<column name="corpAdd" length="200" />
		</property>
		<property name="corpNote" type="java.lang.String">
			<column name="corp_note" length="200" />
		</property>
		<property name="corpCode" type="java.lang.Integer">
			<column name="corp_code" length="6" />
		</property>
		<property name="corpTel" type="java.lang.String">
			<column name="corp_tel" length="20" />
		</property>
		<property name="corpFax" type="java.lang.String">
			<column name="corp_fax" length="20" />
		</property>
		<property name="corpAP" type="java.lang.String">
			<column name="corp_ap" length="20" />
		</property>
		<property name="openBank" type="java.lang.String">
			<column name="open_bank" length="60" />
		</property>
		<property name="openName" type="java.lang.String">
			<column name="open_name" length="20" />
		</property>
		<property name="bankID" type="java.lang.String">
			<column name="bank_ID" length="30" />
		</property>
		<property name="linkman" type="java.lang.String">
			<column name="linkman" length="20" />
		</property>
		<property name="linkmanTel" type="java.lang.String">
			<column name="linkman_tel" length="20" />
		</property>
		<property name="linkmanEmail" type="java.lang.String">
			<column name="linkman_email" length="60" />
		</property>
		<property name="linkmanAdd" type="java.lang.String">
			<column name="linkman_add" length="100" />
		</property>
	</class>
</hibernate-mapping>
