<?xml version="1.0" encoding="utf-8"?>
<!DOCTYPE hibernate-mapping PUBLIC "-//Hibernate/Hibernate Mapping DTD 3.0//EN"
"http://hibernate.sourceforge.net/hibernate-mapping-3.0.dtd">
<!-- 
    Mapping file autogenerated by MyEclipse Persistence Tools
-->
<hibernate-mapping>
    <class name="com.wootion.cimp.vo.data.healtheval" table="healtheval" >
        <id name="gsdid" type="java.lang.String">
            <column name="gsdid" length="32" />
            <generator class="uuid.hex" />
        </id>
        
        <property name="healthinfoid" type="java.lang.String">
            <column name="healthinfoid" length="20" not-null="true" />
        </property>
        
        <property name="healthnumber" type="java.lang.String">
            <column name="healthnumber" length="20" not-null="true" />
        </property>
        <property name="memname" type="java.lang.String">
            <column name="memname" length="20" not-null="true"/>
        </property>
        
        <property name="memnumber" type="java.lang.String">
            <column name="memnumber" length="20" not-null="true"/>
        </property>
        
        <property name="assesdate" type="java.lang.String">
            <column name="assesdate" length="30"  />
        </property>
        <property name="belongproname" type="java.lang.String">
            <column name="belongproname" length="30" />
        </property>
        
        <property name="applyreason" type="java.lang.String">
            <column name="applyreason" length="30" not-null="true" />
        </property>
        
        <property name="assesdep" type="java.lang.String">
            <column name="assesdep" length="30"  />
        </property>
        
        <property name="assesname" type="java.lang.String">
            <column name="assesname" length="30"  />
        </property>
        
        <property name="a1" type="java.lang.String">
            <column name="a1" length="32"  />
        </property>
        <property name="a2" type="java.lang.String">
            <column name="a2" length="32"  />
        </property>
         <property name="a3" type="java.lang.String">
            <column name="a3" length="32" />
        </property>
        
         <property name="a4" type="java.lang.String">
            <column name="a4" length="32"  />
        </property>
        
        <property name="a5" type="java.lang.String">
            <column name="a5" length="32"  />
        </property>
        
        <property name="a6" type="java.lang.String">
            <column name="a6" length="32"/>
        </property>
        
        <property name="a7" type="java.lang.String">
            <column name="a7" length="32" />
        </property>
        
        <property name="a8" type="java.lang.String">
            <column name="a8" length="200" />
        </property>
        
        <property name="a9" type="java.lang.String">
            <column name="a9" length="200" />
        </property>
        
        <property name="a10" type="java.lang.String">
            <column name="a10" length="100" />
        </property>
        
        <property name="a11" type="java.lang.String">
            <column name="a11" length="32"  />
        </property>
        
        <property name="a12" type="java.lang.String">
            <column name="a12" length="32" />
        </property>
        
        <property name="a13" type="java.lang.String">
            <column name="a13" length="200"  />
        </property>
        
        <property name="a14" type="java.lang.String">
            <column name="a14" length="32"  />
        </property>
        
        <property name="a15" type="java.lang.String">
            <column name="a15" length="32"/>
        </property>
        
        <property name="a16" type="java.lang.String">
            <column name="a16" length="32" />
        </property>
        
        <property name="a17" type="java.lang.String">
            <column name="a17" length="32" />
        </property>
        
        <property name="a18" type="java.lang.String">
            <column name="a18" length="32" />
        </property>
        
        <property name="a19" type="java.lang.String">
            <column name="a19" length="32"  />
        </property>
        
        <property name="a20" type="java.lang.String">
            <column name="a20" length="32"  />
        </property>
        <property name="a21" type="java.lang.String">
            <column name="a21" length="32" />
        </property>
        <property name="a22" type="java.lang.String">
            <column name="a22" length="32"  />
        </property>
        <property name="a23" type="java.lang.String">
            <column name="a23" length="200"  />
        </property>
        <property name="a24" type="java.lang.String">
            <column name="a24" length="32"  />
        </property>
        <property name="a25" type="java.lang.String">
            <column name="a25" length="32" />
        </property>
        <property name="a26" type="java.lang.String">
            <column name="a26" length="32" />
        </property>
        <property name="a27" type="java.lang.String">
            <column name="a27" length="32" />
        </property>
        <property name="a28" type="java.lang.String">
            <column name="a28" length="200"/>
        </property>
        <property name="a29" type="java.lang.String">
            <column name="a29" length="200"  />
        </property>
        <property name="a30" type="java.lang.String">
            <column name="a30" length="200"/>
        </property>
        
        <property name="bakup1" type="java.lang.String">
            <column name="bakup1" length="32" />
        </property>
        
        <property name="bakup2" type="java.lang.String">
            <column name="bakup2" length="32"  />
        </property>
        
        <property name="bakup3" type="java.lang.String">
            <column name="bakup3" length="32" />
        </property>
        
        <property name="bakup4" type="java.lang.String">
            <column name="bakup4" length="20" />
        </property>
        
        <property name="bakup5" type="java.lang.String">
            <column name="bakup5" length="50" />
        </property>
        
        <property name="bakup6" type="java.lang.String">
            <column name="bakup6" length="50" />
        </property>
        
         <property name="bakup7" type="java.lang.String">
            <column name="bakup7" length="50" />
        </property>
    </class>
</hibernate-mapping>
