<?xml version="1.0" encoding="utf-8"?>
<!DOCTYPE hibernate-mapping PUBLIC "-//Hibernate/Hibernate Mapping DTD 3.0//EN"
"http://hibernate.sourceforge.net/hibernate-mapping-3.0.dtd">
<!-- 
    Mapping file autogenerated by MyEclipse Persistence Tools
-->
<hibernate-mapping>
    <class name="com.wootion.cimp.vo.data.healtheval" table="healtheval" >
        <id name="healthid" type="java.lang.String">
            <column name="healthid" length="32" />
            <generator class="uuid.hex" />
        </id>
        <property name="healthnumber" type="java.lang.String">
            <column name="healthnumber" length="20" not-null="true" />
        </property>
        <property name="memname" type="java.lang.String">
            <column name="memname" length="20" not-null="true"/>
        </property>
        
        <property name="memnumber" type="java.lang.String">
            <column name="memnumber" length="20" not-null="true"/>
        </property>
        
        <property name="assesdate" type="java.lang.String">
            <column name="assesdate" length="30" not-null="true" />
        </property>
        <property name="belongproname" type="java.lang.String">
            <column name="belongproname" length="30" not-null="true" />
        </property>
        
        <property name="applyreason" type="java.lang.String">
            <column name="applyreason" length="30" not-null="true" />
        </property>
        
        <property name="a1" type="java.lang.String">
            <column name="a1" length="32"  />
        </property>
        <property name="a2" type="java.lang.String">
            <column name="a2" length="32"  />
        </property>
         <property name="a3" type="java.lang.String">
            <column name="a3" length="32" />
        </property>
        
         <property name="a4" type="java.lang.String">
            <column name="a4" length="32"  />
        </property>
        
        <property name="a5" type="java.lang.String">
            <column name="a5" length="32"  />
        </property>
        
        <property name="a6" type="java.lang.String">
            <column name="a6" length="32"/>
        </property>
        
        <property name="a7" type="java.lang.String">
            <column name="a7" length="32" />
        </property>
        
        <property name="a8" type="java.lang.String">
            <column name="a8" length="200" />
        </property>
        
        <property name="a9" type="java.lang.String">
            <column name="a9" length="200" />
        </property>
        
        <property name="a10" type="java.lang.String">
            <column name="a10" length="100" />
        </property>
        
        <property name="a11" type="java.lang.String">
            <column name="a11" length="32"  />
        </property>
        
        <property name="a12" type="java.lang.String">
            <column name="a12" length="32" />
        </property>
        
        <property name="a13" type="java.lang.String">
            <column name="a13" length="200"  />
        </property>
        
        <property name="a14" type="java.lang.String">
            <column name="a14" length="32"  />
        </property>
        
        <property name="a15" type="java.lang.String">
            <column name="a15" length="32"/>
        </property>
        
        <property name="a16" type="java.lang.String">
            <column name="a16" length="32" />
        </property>
        
        <property name="a17" type="java.lang.String">
            <column name="a17" length="32" />
        </property>
        
        <property name="a18" type="java.lang.String">
            <column name="a18" length="32" />
        </property>
        
        <property name="a19" type="java.lang.String">
            <column name="a19" length="32"  />
        </property>
        
        <property name="a20" type="java.lang.String">
            <column name="a20" length="32"  />
        </property>
        <property name="a21" type="java.lang.String">
            <column name="a21" length="32" />
        </property>
        <property name="a22" type="java.lang.String">
            <column name="a22" length="32"  />
        </property>
        <property name="a23" type="java.lang.String">
            <column name="a23" length="200"  />
        </property>
        <property name="a24" type="java.lang.String">
            <column name="a24" length="32"  />
        </property>
        <property name="a25" type="java.lang.String">
            <column name="a25" length="32" />
        </property>
        <property name="a26" type="java.lang.String">
            <column name="a26" length="32" />
        </property>
        <property name="a27" type="java.lang.String">
            <column name="a27" length="32" />
        </property>
        <property name="a28" type="java.lang.String">
            <column name="a28" length="200"/>
        </property>
        <property name="a29" type="java.lang.String">
            <column name="a29" length="200"  />
        </property>
        <property name="a30" type="java.lang.String">
            <column name="a30" length="200"/>
        </property>
        <property name="a31" type="java.lang.String">
            <column name="a31" length="200" />
        </property>
        <property name="a32" type="java.lang.String">
            <column name="a32" length="32" />
        </property>
        <property name="a33" type="java.lang.String">
            <column name="a33" length="32" />
        </property>
        <property name="a34" type="java.lang.String">
            <column name="a34" length="32" />
        </property>
        <property name="a35" type="java.lang.String">
            <column name="a35" length="32" />
        </property>
        <property name="a36" type="java.lang.String">
            <column name="a36" length="32" />
        </property>
        <property name="a37" type="java.lang.String">
            <column name="a37" length="200" />
        </property>
        <property name="a38" type="java.lang.String">
            <column name="a38" length="200" />
        </property>
        <property name="a39" type="java.lang.String">
            <column name="a39" length="200" />
        </property>
        <property name="a40" type="java.lang.String">
            <column name="a40" length="32" />
        </property>
        <property name="a41" type="java.lang.String">
            <column name="a41" length="32" />
        </property>
        <property name="a42" type="java.lang.String">
            <column name="a42" length="200" />
        </property>
        <property name="a43" type="java.lang.String">
            <column name="a43" length="32" />
        </property>
        <property name="a44" type="java.lang.String">
            <column name="a44" length="32" />
        </property>
        <property name="a45" type="java.lang.String">
            <column name="a45" length="32"  />
        </property>
        <property name="a46" type="java.lang.String">
            <column name="a46" length="32" />
        </property>
        <property name="a47" type="java.lang.String">
            <column name="a47" length="32" />
        </property>
        <property name="a48" type="java.lang.String">
            <column name="a48" length="32" />
        </property>
        <property name="a49" type="java.lang.String">
            <column name="a49" length="32"/>
        </property>
        <property name="a50" type="java.lang.String">
            <column name="a50" length="32"  />
        </property>
        <property name="a51" type="java.lang.String">
            <column name="a51" length="32" />
        </property>
        <property name="a52" type="java.lang.String">
            <column name="a52" length="32"  />
        </property>
        <property name="a53" type="java.lang.String">
            <column name="a53" length="32"  />
        </property>
        <property name="a54" type="java.lang.String">
            <column name="a54" length="32"  />
        </property>
        
        <property name="a55" type="java.lang.String">
            <column name="a55" length="32" />
        </property>
        
        <property name="a56" type="java.lang.String">
            <column name="a56" length="32"  />
        </property>
        <property name="a57" type="java.lang.String">
            <column name="a57" length="32" />
        </property>
        
        <property name="a58" type="java.lang.String">
            <column name="a58" length="200" />
        </property>
        
        <property name="a59" type="java.lang.String">
            <column name="a59" length="32"  />
        </property>
        
        <property name="a60" type="java.lang.String">
            <column name="a60" length="32"  />
        </property>
        
         <property name="a61" type="java.lang.String">
            <column name="a61" length="32" />
        </property>
        
         <property name="a62" type="java.lang.String">
            <column name="a62" length="32"  />
        </property>
        
        <property name="a63" type="java.lang.String">
            <column name="a63" length="32" />
        </property>
        
        <property name="a64" type="java.lang.String">
            <column name="a64" length="200"  />
        </property>
        
        <property name="a65" type="java.lang.String">
            <column name="a65" length="32"  />
        </property>
        
        <property name="a66" type="java.lang.String">
            <column name="a66" length="32" />
        </property>
        
        <property name="a67" type="java.lang.String">
            <column name="a67" length="32"  />
        </property>
        
        <property name="a68" type="java.lang.String">
            <column name="a68" length="32" />
        </property>
        
        <property name="a69" type="java.lang.String">
            <column name="a69" length="32" />
        </property>
        
        <property name="a70" type="java.lang.String">
            <column name="a70" length="32"  />
        </property>
        
        <property name="a71" type="java.lang.String">
            <column name="a71" length="32"  />
        </property>
        
        <property name="a72" type="java.lang.String">
            <column name="a72" length="32"  />
        </property>
        
        <property name="a73" type="java.lang.String">
            <column name="a73" length="32"/>
        </property>
        
        <property name="a74" type="java.lang.String">
            <column name="a74" length="32" />
        </property>
        
        <property name="a75" type="java.lang.String">
            <column name="a75" length="200" />
        </property>
        
        <property name="a76" type="java.lang.String">
            <column name="a76" length="32" />
        </property>
        
        <property name="a77" type="java.lang.String">
            <column name="a77" length="32" />
        </property>
        
        <property name="a78" type="java.lang.String">
            <column name="a78" length="32" />
        </property>
        
        <property name="a79" type="java.lang.String">
            <column name="a79" length="32" />
        </property>
        
        <property name="a80" type="java.lang.String">
            <column name="a80" length="32" />
        </property>
        
        <property name="a81" type="java.lang.String">
            <column name="a81" length="32" />
        </property>
        
        <property name="a82" type="java.lang.String">
            <column name="a82" length="32"  />
        </property>
        <property name="a83" type="java.lang.String">
            <column name="a83" length="32"  />
        </property>
         <property name="a84" type="java.lang.String">
            <column name="a84" length="32" />
        </property>
        
         <property name="a85" type="java.lang.String">
            <column name="a85" length="32"  />
        </property>
        
        <property name="a86" type="java.lang.String">
            <column name="a86" length="32"  />
        </property>
        
        <property name="a87" type="java.lang.String">
            <column name="a87" length="32"/>
        </property>
        
        <property name="a88" type="java.lang.String">
            <column name="a88" length="32" />
        </property>
        
        <property name="a89" type="java.lang.String">
            <column name="a89" length="20" />
        </property>
        
        <property name="a90" type="java.lang.String">
            <column name="a90" length="20" />
        </property>
        
        <property name="a91" type="java.lang.String">
            <column name="a91" length="100" />
        </property>
        
        <property name="a92" type="java.lang.String">
            <column name="a92" length="32"  />
        </property>
        
        <property name="a93" type="java.lang.String">
            <column name="a93" length="32" />
        </property>
        
        <property name="a94" type="java.lang.String">
            <column name="a94" length="200"  />
        </property>
        
        <property name="a95" type="java.lang.String">
            <column name="a95" length="32"  />
        </property>
        
        <property name="a96" type="java.lang.String">
            <column name="a96" length="32"/>
        </property>
        
        <property name="a97" type="java.lang.String">
            <column name="a97" length="32" />
        </property>
        
        <property name="a98" type="java.lang.String">
            <column name="a98" length="32" />
        </property>
        
        <property name="a99" type="java.lang.String">
            <column name="a99" length="32" />
        </property>
        
        <property name="a100" type="java.lang.String">
            <column name="a100" length="32"  />
        </property>
        
        <property name="a101" type="java.lang.String">
            <column name="a101" length="32"  />
        </property>
        <property name="a102" type="java.lang.String">
            <column name="a102" length="32" />
        </property>
        <property name="a103" type="java.lang.String">
            <column name="a103" length="32"  />
        </property>
        <property name="a104" type="java.lang.String">
            <column name="a104" length="200"  />
        </property>
        <property name="a105" type="java.lang.String">
            <column name="a105" length="32"  />
        </property>
        <property name="a106" type="java.lang.String">
            <column name="a106" length="32" />
        </property>
        <property name="a107" type="java.lang.String">
            <column name="a107" length="32" />
        </property>
        <property name="a108" type="java.lang.String">
            <column name="a108" length="32" />
        </property>
        <property name="a109" type="java.lang.String">
            <column name="a109" length="200"/>
        </property>
        <property name="a110" type="java.lang.String">
            <column name="a110" length="200"  />
        </property>
        <property name="a111" type="java.lang.String">
            <column name="a111" length="200"/>
        </property>
        <property name="a112" type="java.lang.String">
            <column name="a112" length="200" />
        </property>
        <property name="a113" type="java.lang.String">
            <column name="a113" length="32" />
        </property>
        <property name="a114" type="java.lang.String">
            <column name="a114" length="32" />
        </property>
        <property name="a115" type="java.lang.String">
            <column name="a115" length="32" />
        </property>
        <property name="a116" type="java.lang.String">
            <column name="a116" length="32" />
        </property>
        <property name="a117" type="java.lang.String">
            <column name="a117" length="32" />
        </property>
        <property name="a118" type="java.lang.String">
            <column name="a118" length="20" />
        </property>
        <property name="a119" type="java.lang.String">
            <column name="a119" length="20" />
        </property>
        <property name="a120" type="java.lang.String">
            <column name="a120" length="20" />
        </property>
        <property name="a121" type="java.lang.String">
            <column name="a121" length="32" />
        </property>
        <property name="a122" type="java.lang.String">
            <column name="a122" length="32" />
        </property>
        <property name="a123" type="java.lang.String">
            <column name="a123" length="200" />
        </property>
        <property name="a124" type="java.lang.String">
            <column name="a124" length="32" />
        </property>
        <property name="a125" type="java.lang.String">
            <column name="a125" length="32" />
        </property>
        <property name="a126" type="java.lang.String">
            <column name="a126" length="32"  />
        </property>
        <property name="a127" type="java.lang.String">
            <column name="a127" length="32" />
        </property>
        <property name="a128" type="java.lang.String">
            <column name="a128" length="32" />
        </property>
        <property name="a129" type="java.lang.String">
            <column name="a129" length="32" />
        </property>
        <property name="a130" type="java.lang.String">
            <column name="a130" length="32"/>
        </property>
        <property name="a131" type="java.lang.String">
            <column name="a131" length="32"  />
        </property>
        <property name="a132" type="java.lang.String">
            <column name="a132" length="32" />
        </property>
        <property name="a133" type="java.lang.String">
            <column name="a133" length="32"  />
        </property>
        <property name="a134" type="java.lang.String">
            <column name="a134" length="32"  />
        </property>
        <property name="a135" type="java.lang.String">
            <column name="a135" length="32"  />
        </property>
        
        <property name="a136" type="java.lang.String">
            <column name="a136" length="32" />
        </property>
        
        <property name="a137" type="java.lang.String">
            <column name="a137" length="32"  />
        </property>
        <property name="a138" type="java.lang.String">
            <column name="a138" length="32" />
        </property>
        
        <property name="a139" type="java.lang.String">
            <column name="a139" length="20" />
        </property>
        
        <property name="a140" type="java.lang.String">
            <column name="a140" length="32"  />
        </property>
        
        <property name="a141" type="java.lang.String">
            <column name="a141" length="32"  />
        </property>
        
         <property name="a142" type="java.lang.String">
            <column name="a142" length="32" />
        </property>
        
         <property name="a143" type="java.lang.String">
            <column name="a143" length="32"  />
        </property>
        
        <property name="a144" type="java.lang.String">
            <column name="a144" length="32" />
        </property>
        
        <property name="a145" type="java.lang.String">
            <column name="a145" length="20"  />
        </property>
        
        <property name="a146" type="java.lang.String">
            <column name="a146" length="32"  />
        </property>
        
        <property name="a147" type="java.lang.String">
            <column name="a147" length="32" />
        </property>
        
        <property name="a148" type="java.lang.String">
            <column name="a148" length="32"  />
        </property>
        
        <property name="a149" type="java.lang.String">
            <column name="a149" length="32" />
        </property>
        
        <property name="a150" type="java.lang.String">
            <column name="a150" length="32" />
        </property>
        
        <property name="a151" type="java.lang.String">
            <column name="a151" length="32"  />
        </property>
        
        <property name="a152" type="java.lang.String">
            <column name="a152" length="32"  />
        </property>
        
        <property name="a153" type="java.lang.String">
            <column name="a153" length="32"  />
        </property>
        
        <property name="a154" type="java.lang.String">
            <column name="a154" length="32"/>
        </property>
        
        <property name="a155" type="java.lang.String">
            <column name="a155" length="32" />
        </property>
        
        <property name="a156" type="java.lang.String">
            <column name="a156" length="200" />
        </property>
        
        <property name="a157" type="java.lang.String">
            <column name="a157" length="32" />
        </property>
        
        <property name="a158" type="java.lang.String">
            <column name="a158" length="32" />
        </property>
        
        <property name="a159" type="java.lang.String">
            <column name="a159" length="32" />
        </property>
        
        <property name="a160" type="java.lang.String">
            <column name="a160" length="32" />
        </property>
        
        <property name="a161" type="java.lang.String">
            <column name="a161" length="32" />
        </property>
        
        <property name="a162" type="java.lang.String">
            <column name="a162" length="32" />
        </property>
        
        <property name="a163" type="java.lang.String">
            <column name="a163" length="32"  />
        </property>
        <property name="a164" type="java.lang.String">
            <column name="a164" length="32"  />
        </property>
         <property name="a165" type="java.lang.String">
            <column name="a165" length="32" />
        </property>
        
         <property name="a166" type="java.lang.String">
            <column name="a166" length="32"  />
        </property>
        
        <property name="a167" type="java.lang.String">
            <column name="a167" length="32"  />
        </property>
        
        <property name="a168" type="java.lang.String">
            <column name="a168" length="32"/>
        </property>
        
        <property name="a169" type="java.lang.String">
            <column name="a169" length="32" />
        </property>
        
        <property name="a170" type="java.lang.String">
            <column name="a170" length="20" />
        </property>
        
        <property name="a171" type="java.lang.String">
            <column name="a171" length="20" />
        </property>
        
        <property name="a172" type="java.lang.String">
            <column name="a172" length="20" />
        </property>
        
        <property name="a173" type="java.lang.String">
            <column name="a173" length="32"  />
        </property>
        
        <property name="a174" type="java.lang.String">
            <column name="a174" length="32" />
        </property>
        
        <property name="a175" type="java.lang.String">
            <column name="a175" length="20"  />
        </property>
        
        <property name="a176" type="java.lang.String">
            <column name="a176" length="32"  />
        </property>
        
        <property name="a177" type="java.lang.String">
            <column name="a177" length="32"/>
        </property>
        
        <property name="a178" type="java.lang.String">
            <column name="a178" length="32" />
        </property>
        
        <property name="a179" type="java.lang.String">
            <column name="a179" length="32" />
        </property>
        
        <property name="a180" type="java.lang.String">
            <column name="a180" length="32" />
        </property>
        
        <property name="a181" type="java.lang.String">
            <column name="a181" length="32"  />
        </property>
        
        <property name="a182" type="java.lang.String">
            <column name="a182" length="32"  />
        </property>
        <property name="a183" type="java.lang.String">
            <column name="a183" length="32" />
        </property>
        <property name="a184" type="java.lang.String">
            <column name="a184" length="32"  />
        </property>
        <property name="a185" type="java.lang.String">
            <column name="a185" length="20"  />
        </property>
        <property name="a186" type="java.lang.String">
            <column name="a186" length="32"  />
        </property>
        <property name="a187" type="java.lang.String">
            <column name="a187" length="32" />
        </property>
        <property name="a188" type="java.lang.String">
            <column name="a188" length="32" />
        </property>
        <property name="a189" type="java.lang.String">
            <column name="a189" length="32" />
        </property>
        <property name="a190" type="java.lang.String">
            <column name="a190" length="20"/>
        </property>
        <property name="a191" type="java.lang.String">
            <column name="a191" length="20"  />
        </property>
        <property name="a192" type="java.lang.String">
            <column name="a192" length="20"/>
        </property>
        <property name="a193" type="java.lang.String">
            <column name="a193" length="20" />
        </property>
        <property name="a194" type="java.lang.String">
            <column name="a194" length="32" />
        </property>
        <property name="a195" type="java.lang.String">
            <column name="a195" length="320" />
        </property>
        <property name="a196" type="java.lang.String">
            <column name="a196" length="320" />
        </property>
        <property name="a197" type="java.lang.String">
            <column name="a197" length="320" />
        </property>
        <property name="a198" type="java.lang.String">
            <column name="a198" length="320" />
        </property>
        <property name="a199" type="java.lang.String">
            <column name="a199" length="20" />
        </property>
        <property name="a200" type="java.lang.String">
            <column name="a200" length="20" />
        </property>
        <property name="a201" type="java.lang.String">
            <column name="a201" length="20" />
        </property>
        <property name="a202" type="java.lang.String">
            <column name="a202" length="32" />
        </property>
        <property name="a203" type="java.lang.String">
            <column name="a203" length="32" />
        </property>
        <property name="a204" type="java.lang.String">
            <column name="a204" length="20" />
        </property>
        <property name="a205" type="java.lang.String">
            <column name="a205" length="32" />
        </property>
        <property name="a206" type="java.lang.String">
            <column name="a206" length="32" />
        </property>
        <property name="a207" type="java.lang.String">
            <column name="a207" length="32"  />
        </property>
        <property name="a208" type="java.lang.String">
            <column name="a208" length="32" />
        </property>
        <property name="a209" type="java.lang.String">
            <column name="a209" length="32" />
        </property>
        <property name="a210" type="java.lang.String">
            <column name="a210" length="32" />
        </property>
        <property name="a211" type="java.lang.String">
            <column name="a211" length="32"/>
        </property>
        <property name="a212" type="java.lang.String">
            <column name="a212" length="32"  />
        </property>
        <property name="a213" type="java.lang.String">
            <column name="a213" length="32" />
        </property>
        <property name="a214" type="java.lang.String">
            <column name="a214" length="32"  />
        </property>
        <property name="a215" type="java.lang.String">
            <column name="a215" length="32"  />
        </property>
        <property name="a216" type="java.lang.String">
            <column name="a216" length="32"  />
        </property>
        
        <property name="a217" type="java.lang.String">
            <column name="a217" length="32" />
        </property>
        
        <property name="a218" type="java.lang.String">
            <column name="a218" length="32"  />
        </property>
        <property name="a219" type="java.lang.String">
            <column name="a219" length="32" />
        </property>
        
        <property name="a220" type="java.lang.String">
            <column name="a220" length="20" />
        </property>
        
        <property name="a221" type="java.lang.String">
            <column name="a221" length="32"  />
        </property>
        
        <property name="a222" type="java.lang.String">
            <column name="a222" length="32"  />
        </property>
        
         <property name="a223" type="java.lang.String">
            <column name="a223" length="32" />
        </property>
        
         <property name="a224" type="java.lang.String">
            <column name="a224" length="32"  />
        </property>
        
        <property name="a225" type="java.lang.String">
            <column name="a225" length="32" />
        </property>
        
        <property name="a226" type="java.lang.String">
            <column name="a226" length="20"  />
        </property>
        
        <property name="a227" type="java.lang.String">
            <column name="a227" length="32"  />
        </property>
        
        <property name="a228" type="java.lang.String">
            <column name="a228" length="32" />
        </property>
        
        <property name="a229" type="java.lang.String">
            <column name="a229" length="32"  />
        </property>
        
        <property name="a230" type="java.lang.String">
            <column name="a230" length="32" />
        </property>
        
        <property name="a231" type="java.lang.String">
            <column name="a231" length="32" />
        </property>
        
        <property name="a232" type="java.lang.String">
            <column name="a232" length="32"  />
        </property>
        
        <property name="a233" type="java.lang.String">
            <column name="a233" length="32"  />
        </property>
        
        <property name="a234" type="java.lang.String">
            <column name="a234" length="32"  />
        </property>
        
        <property name="a235" type="java.lang.String">
            <column name="a235" length="32"/>
        </property>
        
        <property name="a236" type="java.lang.String">
            <column name="a236" length="32" />
        </property>
        
        <property name="a237" type="java.lang.String">
            <column name="a237" length="20" />
        </property>
        
        <property name="a238" type="java.lang.String">
            <column name="a238" length="32" />
        </property>
        
        <property name="a239" type="java.lang.String">
            <column name="a239" length="32" />
        </property>
        
        <property name="a240" type="java.lang.String">
            <column name="a240" length="32" />
        </property>
        
        <property name="a241" type="java.lang.String">
            <column name="a241" length="32" />
        </property>
        
         <property name="a242" type="java.lang.String">
            <column name="a242" length="32" />
        </property>
        
        
        <property name="a243" type="java.lang.String">
            <column name="a243" length="32" />
        </property>
        
        <property name="a244" type="java.lang.String">
            <column name="a244" length="32" />
        </property>
        
        <property name="a245" type="java.lang.String">
            <column name="a245" length="32" />
        </property>
        
        <property name="a246" type="java.lang.String">
            <column name="a246" length="20"  />
        </property>
        
        <property name="a247" type="java.lang.String">
            <column name="a247" length="32"  />
        </property>
        
        <property name="a248" type="java.lang.String">
            <column name="a248" length="32" />
        </property>
        
        <property name="a249" type="java.lang.String">
            <column name="a249" length="32"  />
        </property>
        
        <property name="a250" type="java.lang.String">
            <column name="a250" length="32" />
        </property>
        
        <property name="a251" type="java.lang.String">
            <column name="a251" length="32" />
        </property>
        
        <property name="a252" type="java.lang.String">
            <column name="a252" length="32"  />
        </property>
        
        <property name="a253" type="java.lang.String">
            <column name="a253" length="32"  />
        </property>
        
        <property name="a254" type="java.lang.String">
            <column name="a254" length="32"  />
        </property>
        
        <property name="a255" type="java.lang.String">
            <column name="a255" length="32"/>
        </property>
        
        <property name="a256" type="java.lang.String">
            <column name="a256" length="32" />
        </property>
        
        <property name="a257" type="java.lang.String">
            <column name="a257" length="20" />
        </property>
        
        <property name="a258" type="java.lang.String">
            <column name="a258" length="32" />
        </property>
        
        <property name="a259" type="java.lang.String">
            <column name="a259" length="32" />
        </property>
        
        <property name="a260" type="java.lang.String">
            <column name="a260" length="32" />
        </property>
        
        <property name="a261" type="java.lang.String">
            <column name="a261" length="32" />
        </property>
        
        <property name="a262" type="java.lang.String">
            <column name="a262" length="32" />
        </property>
        
        <property name="a263" type="java.lang.String">
            <column name="a263" length="32" />
        </property>
        
        <property name="a264" type="java.lang.String">
            <column name="a264" length="32" />
        </property>
        
        
        <property name="a265" type="java.lang.String">
            <column name="a265" length="32" />
        </property>
        
        <property name="a266" type="java.lang.String">
            <column name="a266" length="32" />
        </property>
        
        <property name="a267" type="java.lang.String">
            <column name="a267" length="32" />
        </property>
        
        <property name="a268" type="java.lang.String">
            <column name="a268" length="32" />
        </property>
        
        <property name="a269" type="java.lang.String">
            <column name="a269" length="32" />
        </property>
        
        <property name="a270" type="java.lang.String">
            <column name="a270" length="32" />
        </property>
        
        <property name="a271" type="java.lang.String">
            <column name="a271" length="32" />
        </property>
        <property name="a272" type="java.lang.String">
            <column name="a272" length="32" />
        </property>
        
        <property name="a273" type="java.lang.String">
            <column name="a273" length="32" />
        </property>
        <property name="a274" type="java.lang.String">
            <column name="a274" length="32" />
        </property>
        
        <property name="a275" type="java.lang.String">
            <column name="a275" length="32" />
        </property>
        <property name="a276" type="java.lang.String">
            <column name="a276" length="32" />
        </property>
        
        
         <property name="a277" type="java.lang.String">
            <column name="a277" length="32" />
        </property>
        
        <property name="a278" type="java.lang.String">
            <column name="a278" length="32" />
        </property>
        
        <property name="a279" type="java.lang.String">
            <column name="a279" length="32" />
        </property>
        
        <property name="a280" type="java.lang.String">
            <column name="a280" length="32" />
        </property>
        
        <property name="a281" type="java.lang.String">
            <column name="a281" length="32" />
        </property>
        
        <property name="a282" type="java.lang.String">
            <column name="a282" length="32" />
        </property>
        
        <property name="a283" type="java.lang.String">
            <column name="a283" length="32" />
        </property>
        <property name="a284" type="java.lang.String">
            <column name="a284" length="32" />
        </property>
        
        <property name="a285" type="java.lang.String">
            <column name="a285" length="32" />
        </property>
        <property name="a286" type="java.lang.String">
            <column name="a286" length="32" />
        </property>
        
        <property name="a287" type="java.lang.String">
            <column name="a287" length="32" />
        </property>
        <property name="a288" type="java.lang.String">
            <column name="a288" length="32" />
        </property>
        
        
         <property name="a289" type="java.lang.String">
            <column name="a289" length="32" />
        </property>
        
        <property name="a290" type="java.lang.String">
            <column name="a290" length="32" />
        </property>
        
        <property name="a291" type="java.lang.String">
            <column name="a291" length="32" />
        </property>
        
        <property name="a292" type="java.lang.String">
            <column name="a292" length="32" />
        </property>
        
        <property name="a293" type="java.lang.String">
            <column name="a293" length="320" />
        </property>
        
        <property name="a294" type="java.lang.String">
            <column name="a294" length="32" />
        </property>
        
        <property name="a295" type="java.lang.String">
            <column name="a295" length="32" />
        </property>
        <property name="a296" type="java.lang.String">
            <column name="a296" length="32" />
        </property>
        
        <property name="a297" type="java.lang.String">
            <column name="a297" length="32" />
        </property>
        <property name="a298" type="java.lang.String">
            <column name="a298" length="32" />
        </property>
        
        <property name="a299" type="java.lang.String">
            <column name="a299" length="32" />
        </property>
        <property name="a300" type="java.lang.String">
            <column name="a300" length="32" />
        </property>
        
        
         <property name="a301" type="java.lang.String">
            <column name="a301" length="32" />
        </property>
        
        <property name="a302" type="java.lang.String">
            <column name="a302" length="32" />
        </property>
        
        <property name="a303" type="java.lang.String">
            <column name="a303" length="32" />
        </property>
        
        <property name="a304" type="java.lang.String">
            <column name="a304" length="32" />
        </property>
        
        <property name="a305" type="java.lang.String">
            <column name="a305" length="32" />
        </property>
        
        <property name="a306" type="java.lang.String">
            <column name="a306" length="32" />
        </property>
        
        <property name="a307" type="java.lang.String">
            <column name="a307" length="32" />
        </property>
        <property name="a308" type="java.lang.String">
            <column name="a308" length="32" />
        </property>
        
        <property name="a309" type="java.lang.String">
            <column name="a309" length="32" />
        </property>
        <property name="a310" type="java.lang.String">
            <column name="a310" length="32" />
        </property>
        
        <property name="a311" type="java.lang.String">
            <column name="a311" length="32" />
        </property>
        <property name="a312" type="java.lang.String">
            <column name="a312" length="32" />
        </property>
        
        
        
         <property name="a313" type="java.lang.String">
            <column name="a313" length="32" />
        </property>
        <property name="a314" type="java.lang.String">
            <column name="a314" length="32" />
        </property>
        
        
         <property name="a315" type="java.lang.String">
            <column name="a315" length="32" />
        </property>
        
        <property name="a316" type="java.lang.String">
            <column name="a316" length="32" />
        </property>
        
        <property name="a317" type="java.lang.String">
            <column name="a317" length="32" />
        </property>
        
        <property name="a318" type="java.lang.String">
            <column name="a318" length="32" />
        </property>
        
        <property name="a319" type="java.lang.String">
            <column name="a319" length="32" />
        </property>
        
        <property name="a320" type="java.lang.String">
            <column name="a320" length="32" />
        </property>
        
        <property name="a321" type="java.lang.String">
            <column name="a321" length="32" />
        </property>
        <property name="a322" type="java.lang.String">
            <column name="a322" length="32" />
        </property>
        
        <property name="a323" type="java.lang.String">
            <column name="a323" length="32" />
        </property>
        <property name="a324" type="java.lang.String">
            <column name="a324" length="32" />
        </property>
        
        <property name="a325" type="java.lang.String">
            <column name="a325" length="32" />
        </property>
        <property name="a326" type="java.lang.String">
            <column name="a326" length="32" />
        </property>
        
        
        
        
        
         <property name="a327" type="java.lang.String">
            <column name="a327" length="32" />
        </property>
        
        <property name="a328" type="java.lang.String">
            <column name="a328" length="32" />
        </property>
        
        <property name="a329" type="java.lang.String">
            <column name="a329" length="320" />
        </property>
        
        <property name="a330" type="java.lang.String">
            <column name="a330" length="32" />
        </property>
        
        <property name="a331" type="java.lang.String">
            <column name="a331" length="32" />
        </property>
        <property name="a332" type="java.lang.String">
            <column name="a332" length="32" />
        </property>
        
        <property name="a333" type="java.lang.String">
            <column name="a333" length="32" />
        </property>
        <property name="a334" type="java.lang.String">
            <column name="a334" length="32" />
        </property>
        
        <property name="a335" type="java.lang.String">
            <column name="a335" length="32" />
        </property>
        <property name="a336" type="java.lang.String">
            <column name="a336" length="32" />
        </property>
        
         <property name="a337" type="java.lang.String">
            <column name="a337" length="32" />
        </property>
        
        <property name="a338" type="java.lang.String">
            <column name="a338" length="32" />
        </property>
        
        <property name="a339" type="java.lang.String">
            <column name="a339" length="32" />
        </property>
        
        <property name="a340" type="java.lang.String">
            <column name="a340" length="32" />
        </property>
        
        <property name="a341" type="java.lang.String">
            <column name="a341" length="32" />
        </property>
        
        <property name="a342" type="java.lang.String">
            <column name="a342" length="32" />
        </property>
        
        <property name="a343" type="java.lang.String">
            <column name="a343" length="32" />
        </property>
        <property name="a344" type="java.lang.String">
            <column name="a344" length="32" />
        </property>
        
        <property name="a345" type="java.lang.String">
            <column name="a345" length="32" />
        </property>
        <property name="a346" type="java.lang.String">
            <column name="a346" length="32" />
        </property>
        
        <property name="a347" type="java.lang.String">
            <column name="a347" length="32" />
        </property>
        <property name="a348" type="java.lang.String">
            <column name="a348" length="32" />
        </property>
        
         <property name="a349" type="java.lang.String">
            <column name="a349" length="32" />
        </property>
        <property name="a350" type="java.lang.String">
            <column name="a350" length="32" />
        </property>
        
         <property name="a351" type="java.lang.String">
            <column name="a351" length="32" />
        </property>
        
        <property name="a352" type="java.lang.String">
            <column name="a352" length="32" />
        </property>
        
        <property name="a353" type="java.lang.String">
            <column name="a353" length="32" />
        </property>
        
        <property name="a354" type="java.lang.String">
            <column name="a354" length="32" />
        </property>
        
        <property name="a355" type="java.lang.String">
            <column name="a355" length="32" />
        </property>
        
        <property name="a356" type="java.lang.String">
            <column name="a356" length="32" />
        </property>
        
        <property name="a357" type="java.lang.String">
            <column name="a357" length="32" />
        </property>
        <property name="a358" type="java.lang.String">
            <column name="a358" length="32" />
        </property>
        
        <property name="a359" type="java.lang.String">
            <column name="a359" length="32" />
        </property>
        <property name="a360" type="java.lang.String">
            <column name="a360" length="32" />
        </property>
        
        <property name="a361" type="java.lang.String">
            <column name="a361" length="32" />
        </property>
        <property name="a362" type="java.lang.String">
            <column name="a362" length="32" />
        </property>
        
          <property name="a363" type="java.lang.String">
            <column name="a363" length="32" />
        </property>
        <property name="a364" type="java.lang.String">
            <column name="a364" length="32" />
        </property>
        
        <property name="a365" type="java.lang.String">
            <column name="a365" length="32" />
        </property>
        <property name="a366" type="java.lang.String">
            <column name="a366" length="32" />
        </property>
        
          <property name="a367" type="java.lang.String">
            <column name="a367" length="32" />
        </property>
        <property name="a368" type="java.lang.String">
            <column name="a368" length="32" />
        </property>
        
        <property name="a369" type="java.lang.String">
            <column name="a369" length="32" />
        </property>
        
        
        
        <property name="bakup1" type="java.lang.String">
            <column name="bakup1" length="32" />
        </property>
        
        <property name="bakup2" type="java.lang.String">
            <column name="bakup2" length="32"  />
        </property>
        
        <property name="bakup3" type="java.lang.String">
            <column name="bakup3" length="32" />
        </property>
        
        <property name="bakup4" type="java.lang.String">
            <column name="bakup4" length="20" />
        </property>
        
        <property name="bakup5" type="java.lang.String">
            <column name="bakup5" length="50" />
        </property>
        
        <property name="bakup6" type="java.lang.String">
            <column name="bakup6" length="50" />
        </property>
        
         <property name="bakup7" type="java.lang.String">
            <column name="bakup7" length="50" />
        </property>
    </class>
</hibernate-mapping>
