<?xml version="1.0" encoding="utf-8"?>
<!DOCTYPE hibernate-mapping PUBLIC "-//Hibernate/Hibernate Mapping DTD 3.0//EN"
"http://hibernate.sourceforge.net/hibernate-mapping-3.0.dtd">
<!-- 
    Mapping file autogenerated by MyEclipse Persistence Tools
-->
<hibernate-mapping>
    <class name="com.wootion.cimp.vo.data.Memberhistory" table="Memberhistory" >
        <id name="meminfoid" type="java.lang.String">
            <column name="meminfoid" length="32" />
            <generator class="uuid.hex" />
        </id>
        <property name="memname" type="java.lang.String">
            <column name="memname" length="50" not-null="true" />
        </property>
        <property name="memid" type="java.lang.String">
            <column name="memid" length="50" not-null="true" />
        </property>
        <property name="memsex" type="java.lang.String">
            <column name="memsex" length="20" not-null="true"/>
        </property>
        <property name="creditid" type="java.lang.String">
            <column name="creditid" length="25"  not-null="true"/>
        </property>
        <property name="birthday" type="java.lang.String">
            <column name="birthday" length="20" not-null="true" />
        </property>
        <property name="culture" type="java.lang.String">
            <column name="culture" length="32" not-null="true" />
        </property>
        <property name="professor" type="java.lang.String">
            <column name="professor" length="32" not-null="true" />
        </property>
         <property name="financial" type="java.lang.String">
            <column name="financial" length="32" not-null="true"/>
        </property>
        
         <property name="marry" type="java.lang.String">
            <column name="marry" length="32" not-null="true" />
        </property>
        
        <property name="kids" type="java.lang.String">
            <column name="kids" length="32" not-null="true" />
        </property>
        
        <property name="ways" type="java.lang.String">
            <column name="ways" length="32" not-null="true" />
        </property>
        
        <property name="enterdate" type="java.lang.String">
            <column name="enterdate" length="32" not-null="true" />
        </property>
        
        <property name="beizhu" type="java.lang.String">
            <column name="beizhu" length="200" not-null="true" />
        </property>
        
        <property name="reside" type="java.lang.String">
            <column name="reside" length="200" not-null="true" />
        </property>
        
        <property name="fees" type="java.lang.String">
            <column name="fees" length="100" not-null="true"/>
        </property>
        
        <property name="mycellnumber" type="java.lang.String">
            <column name="mycellnumber" length="32" not-null="true" />
        </property>
        
        <property name="mylandlinenumber" type="java.lang.String">
            <column name="mylandlinenumber" length="32" not-null="true" />
        </property>
        
        <property name="myaddress" type="java.lang.String">
            <column name="myaddress" length="200" not-null="true" />
        </property>
        
        <property name="mycounty" type="java.lang.String">
            <column name="mycounty" length="32" not-null="true" />
        </property>
        
        <property name="mystreet" type="java.lang.String">
            <column name="mystreet" length="32" not-null="true" />
        </property>
        
        <property name="mycity" type="java.lang.String">
            <column name="mycity" length="32" not-null="true" />
        </property>
        
        <property name="myemail" type="java.lang.String">
            <column name="myemail" length="32" not-null="true" />
        </property>
        
        <property name="mynation" type="java.lang.String">
            <column name="mynation" length="32" not-null="true" />
        </property>
        
        <property name="coname" type="java.lang.String">
            <column name="coname" length="32" not-null="true" />
        </property>
        
        <property name="relationship" type="java.lang.String">
            <column name="relationship" length="32" not-null="true" />
        </property>
        <property name="concellnumber" type="java.lang.String">
            <column name="concellnumber" length="32" not-null="true" />
        </property>
        <property name="connumber" type="java.lang.String">
            <column name="connumber" length="32" not-null="true" />
        </property>
        <property name="conaddress" type="java.lang.String">
            <column name="conaddress" length="200" not-null="true" />
        </property>
        <property name="concity" type="java.lang.String">
            <column name="concity" length="32" not-null="true" />
        </property>
        <property name="conpost" type="java.lang.String">
            <column name="conpost" length="32" not-null="true" />
        </property>
        <property name="concountry" type="java.lang.String">
            <column name="concountry" length="32" not-null="true" />
        </property>
        <property name="charactor" type="java.lang.String">
            <column name="charactor" length="32" not-null="true" />
        </property>
        <property name="othercharactor" type="java.lang.String">
            <column name="othercharactor" length="200" not-null="true" />
        </property>
        <property name="interest" type="java.lang.String">
            <column name="interest" length="200" not-null="true" />
        </property>
        <property name="apetite" type="java.lang.String">
            <column name="apetite" length="200" not-null="true" />
        </property>
        <property name="contraband" type="java.lang.String">
            <column name="contraband" length="200" not-null="true" />
        </property>
        <property name="drunk" type="java.lang.String">
            <column name="drunk" length="32" not-null="true" />
        </property>
        <property name="smoke" type="java.lang.String">
            <column name="smoke" length="32" not-null="true" />
        </property>
        <property name="sleep" type="java.lang.String">
            <column name="sleep" length="32" not-null="true" />
        </property>
        <property name="execise" type="java.lang.String">
            <column name="execise" length="32" not-null="true" />
        </property>
        <property name="medicalcare" type="java.lang.String">
            <column name="medicalcare" length="32" not-null="true" />
        </property>
        <property name="hospital1" type="java.lang.String">
            <column name="hospital1" length="200" not-null="true" />
        </property>
        <property name="hospital2" type="java.lang.String">
            <column name="hospital2" length="200" not-null="true" />
        </property>
        <property name="hospital3" type="java.lang.String">
            <column name="hospital3" length="200" not-null="true" />
        </property>
        <property name="blood" type="java.lang.String">
            <column name="blood" length="32" not-null="true" />
        </property>
        <property name="allergic" type="java.lang.String">
            <column name="allergic" length="32" not-null="true" />
        </property>
        <property name="allergicdesc" type="java.lang.String">
            <column name="allergicdesc" length="200" not-null="true" />
        </property>
        <property name="heartbeat" type="java.lang.String">
            <column name="heartbeat" length="32" not-null="true" />
        </property>
        <property name="pulse" type="java.lang.String">
            <column name="pulse" length="32" not-null="true" />
        </property>
        <property name="breath" type="java.lang.String">
            <column name="breath" length="32" not-null="true" />
        </property>
        <property name="bloodpressure" type="java.lang.String">
            <column name="bloodpressure" length="32" not-null="true" />
        </property>
        <property name="bloodsugar" type="java.lang.String">
            <column name="bloodsugar" length="32" not-null="true" />
        </property>
        <property name="bloodfat" type="java.lang.String">
            <column name="bloodfat" length="32" not-null="true" />
        </property>
        <property name="view" type="java.lang.String">
            <column name="view" length="32" not-null="true" />
        </property>
        <property name="hear" type="java.lang.String">
            <column name="hear" length="32" not-null="true" />
        </property>
        <property name="bone" type="java.lang.String">
            <column name="bone" length="32" not-null="true" />
        </property>
        <property name="heartelec" type="java.lang.String">
            <column name="heartelec" length="32" not-null="true" />
        </property>
        <property name="liver" type="java.lang.String">
            <column name="liver" length="32" not-null="true" />
        </property>
        <property name="yiliver" type="java.lang.String">
            <column name="yiliver" length="32" not-null="true" />
        </property>
        
        <property name="kidney" type="java.lang.String">
            <column name="kidney" length="32" not-null="true" />
        </property>
        
        <property name="history" type="java.lang.String">
            <column name="history" length="32" not-null="true" />
        </property>
        <property name="historybak" type="java.lang.String">
            <column name="historybak" length="32" not-null="true" />
        </property>
        
        <property name="issugury" type="java.lang.String">
            <column name="issugury" length="200" not-null="true" />
        </property>
        
        <property name="assessment" type="java.lang.String">
            <column name="assessment" length="32" not-null="true" />
        </property>
        
        <property name="asesdate" type="java.lang.String">
            <column name="asesdate" length="32" not-null="true" />
        </property>
        
         <property name="submitman" type="java.lang.String">
            <column name="submitman" length="32" not-null="true" />
        </property>
        
         <property name="submitdate" type="java.lang.String">
            <column name="submitdate" length="32" not-null="true" />
        </property>
        
        <property name="timestamp" type="java.lang.String">
            <column name="timestamp" length="32" not-null="true" />
        </property>
        
        <property name="procondition" type="java.lang.String">
            <column name="procondition" length="200" not-null="true" />
        </property>
        
        <property name="kfestimatetimes" type="java.lang.String">
            <column name="kfestimatetimes" length="32" not-null="true" />
        </property>
        
        <property name="kfestimatedate" type="java.lang.String">
            <column name="kfestimatedate" length="32" not-null="true" />
        </property>
        
        <property name="kfstartdate" type="java.lang.String">
            <column name="kfstartdate" length="32" not-null="true" />
        </property>
        
        <property name="kfenddate" type="java.lang.String">
            <column name="kfenddate" length="32" not-null="true" />
        </property>
        
        <property name="kfservicetimes" type="java.lang.String">
            <column name="kfservicetimes" length="32" not-null="true" />
        </property>
        
        <property name="kfways" type="java.lang.String">
            <column name="kfways" length="32" not-null="true" />
        </property>
        
        <property name="kfeffect" type="java.lang.String">
            <column name="kfeffect" length="32" not-null="true" />
        </property>
        
        <property name="kffee" type="java.lang.String">
            <column name="kffee" length="32" not-null="true" />
        </property>
        
        <property name="kfcarer" type="java.lang.String">
            <column name="kfcarer" length="32" not-null="true" />
        </property>
        
        <property name="kfdoctor" type="java.lang.String">
            <column name="kfdoctor" length="32" not-null="true" />
        </property>
        
        <property name="kfbeizhu" type="java.lang.String">
            <column name="kfbeizhu" length="200" not-null="true" />
        </property>
        
        <property name="hlesttimes" type="java.lang.String">
            <column name="hlesttimes" length="32" not-null="true" />
        </property>
        
        <property name="hlestdate" type="java.lang.String">
            <column name="hlestdate" length="32" not-null="true" />
        </property>
        
        <property name="hlstartdate" type="java.lang.String">
            <column name="hlstartdate" length="32" not-null="true" />
        </property>
        
        <property name="hlenddate" type="java.lang.String">
            <column name="hlenddate" length="32" not-null="true" />
        </property>
        
        <property name="hltimes" type="java.lang.String">
            <column name="hltimes" length="32" not-null="true" />
        </property>
        
        <property name="hlways" type="java.lang.String">
            <column name="hlways" length="32" not-null="true" />
        </property>
        
        <property name="hleffect" type="java.lang.String">
            <column name="hleffect" length="32" not-null="true" />
        </property>
        
        <property name="hlfee" type="java.lang.String">
            <column name="hlfee" length="32" not-null="true" />
        </property>
        
        <property name="hlemployee" type="java.lang.String">
            <column name="hlemployee" length="32" not-null="true" />
        </property>
        
        <property name="hlbeizhu" type="java.lang.String">
            <column name="hlbeizhu" length="200" not-null="true" />
        </property>
        
        <property name="r2" type="java.lang.String">
            <column name="r2" length="50" />
        </property>
        
         <property name="r3" type="java.lang.String">
            <column name="r3" length="50" />
        </property>
    </class>
</hibernate-mapping>
