<?xml version="1.0" encoding="utf-8"?>
<!DOCTYPE hibernate-mapping PUBLIC "-//Hibernate/Hibernate Mapping DTD 3.0//EN"
"http://hibernate.sourceforge.net/hibernate-mapping-3.0.dtd">
<!-- 
    Mapping file autogenerated by MyEclipse Persistence Tools
-->
<hibernate-mapping>
    <class name="com.wootion.cimp.vo.data.Project" table="Project" >
        <id name="proid" type="java.lang.String">
            <column name="proid" length="32" />
            <generator class="uuid.hex" />
        </id>
        <property name="proidentity" type="java.lang.String">
            <column name="proidentity" length="50" not-null="true" />
        </property>
        <property name="proname" type="java.lang.String">
            <column name="proname" length="50" not-null="true" />
        </property>
        <property name="prostate" type="java.lang.String">
            <column name="prostate" length="20" />
        </property>
        <property name="proresponsor" type="java.lang.String">
            <column name="proresponsor" length="20"  />
        </property>
        <property name="proagency" type="java.lang.String">
            <column name="proagency" length="200" />
        </property>
        <property name="proauthority" type="java.lang.String">
            <column name="proauthority" length="32" />
        </property>
        <property name="proresult" type="java.lang.String">
            <column name="proresult" length="32"/>
        </property>
         <property name="procontract" type="java.lang.String">
            <column name="procontract" length="32" />
        </property>
        
         <property name="prostartdate" type="java.lang.String">
            <column name="prostartdate" length="32" not-null="true" />
        </property>
        
        <property name="proenddate" type="java.lang.String">
            <column name="proenddate" length="32" />
        </property>
        
        <property name="probudget" type="java.lang.String">
            <column name="probudget" length="32" />
        </property>
        
        <property name="protimes" type="java.lang.String">
            <column name="protimes" length="32"/>
        </property>
        
        <property name="prodesc" type="java.lang.String">
            <column name="prodesc" length="200" />
        </property>
        
         <property name="trdata" type="java.lang.String">
            <column name="trdata" length="5000" />
        </property>
         <property name="tddata" type="java.lang.String">
            <column name="tddata" length="8000" />
        </property>
        
        <property name="r1" type="java.lang.String">
            <column name="r1" length="100" />
        </property>
        <property name="r2" type="java.lang.String">
            <column name="r2" length="50" />
        </property>
        
         <property name="r3" type="java.lang.String">
            <column name="r3" length="50" />
        </property>
    </class>
</hibernate-mapping>
